SampleID,Sample_Name,Proteomic_Data,Metabolomic_Data,Plate,Primer,Plate_Barcode,Total_ASVs,Category,Environment_vs_Host,Wild_vs_Captive,WT_Location,WT_Time,Variation_By_Host,Animal_Tissues,Venom_Compartments,invivo_Treatment
SUH125,MX_0_5_km_SU_16_Gland_1,Yes,No,Venomic_1,18S,GTACGAATCCT,27796,Venom,Venom,,PN_Minor,2016_Summer,,,,
SUH126,MX_0_5_km_SU_16_Gland_2,Yes,No,Venomic_1,18S,CTCAGTATGCA,1221,Venom,Venom,,PN_Minor,2016_Summer,,,,
SUH127,MX_0_5_km_SU_16_Gland_3,Yes,No,Venomic_1,18S,GGTTGCACAAT,3844,Venom,Venom,,PN_Minor,2016_Summer,,,,
SUH128,MX_0_5_km_SU_16_Gland_4,Yes,No,Venomic_1,18S,ATCGGCGTTAC,842,Venom,Venom,,PN_Minor,2016_Summer,,,,
SUH129,MX_0_5_km_SU_16_Gland_5,Yes,No,Venomic_1,18S,CGATGTCGTCA,1582,Venom,Venom,,PN_Minor,2016_Summer,,,,
SUH130,MX_0_5_km_SU_17_Gland_1,Yes,No,Venomic_1,18S,CAATTGTGCAC,2777,Venom,Venom,,PN_Minor,2016_Summer,,,,
SUH131,MX_0_5_km_SU_17_Gland_2,Yes,No,Venomic_1,18S,CACATTGTGAG,16207,Venom,Venom,,PN_Minor,2016_Summer,,,,
SUH132,MX_0_5_km_SU_17_Gland_3,Yes,No,Venomic_1,18S,CGGTACTTGCA,6077,Venom,Venom,,PN_Minor,2016_Summer,,,,
SUH133,MX_0_5_km_SU_17_Gland_4,Yes,No,Venomic_1,18S,TCGCTGTAACA,1429,Venom,Venom,,PN_Minor,2016_Summer,,,,
SUH134,MX_0_5_km_SU_17_Gland_5,Yes,No,Venomic_1,18S,CTTGTAGGACC,1356,Venom,Venom,,PN_Minor,2016_Summer,,,,
SUH135,MX_0_5_km_WI_16_1_Gland_1,Yes,No,Venomic_1,18S,TACAGATGGCT,3026,Venom,Venom,,PN_Minor,2016_Winter_Day1,,,,
SUH136,MX_0_5_km_WI_16_1_Gland_2,Yes,No,Venomic_1,18S,CACGTGACATG,28834,Venom,Venom,,PN_Minor,2016_Winter_Day1,,,,
SUH137,MX_0_5_km_WI_16_1_Gland_3,Yes,No,Venomic_1,18S,TGCGCGAATAC,15868,Venom,Venom,,PN_Minor,2016_Winter_Day1,,,,
SUH138,MX_0_5_km_WI_16_1_Gland_4,Yes,No,Venomic_1,18S,TCCACAGGAGT,8343,Venom,Venom,,PN_Minor,2016_Winter_Day1,,,,
SUH139,MX_0_5_km_WI_16_1_Gland_5,Yes,No,Venomic_1,18S,ACATCTTGACG,35304,Venom,Venom,,PN_Minor,2016_Winter_Day1,,,,
SUH140,MX_0_5_km_WI_16_2_Gland_1,Yes,No,Venomic_1,18S,CGGACGTTCAT,161409,Venom,Venom,,PN_Minor,2016_Winter_Day2,,,,
SUH141,MX_0_5_km_WI_16_2_Gland_2,Yes,No,Venomic_1,18S,CTCTAAGCATG,38726,Venom,Venom,,PN_Minor,2016_Winter_Day2,,,,
SUH142,MX_0_5_km_WI_16_2_Gland_3,Yes,No,Venomic_1,18S,TTCATACGGAC,336846,Venom,Venom,,PN_Minor,2016_Winter_Day2,,,,
SUH143,MX_0_5_km_WI_16_2_Gland_4,Yes,No,Venomic_1,18S,CTTCGGCAGAA,238463,Venom,Venom,,PN_Minor,2016_Winter_Day2,,,,
SUH144,MX_0_5_km_WI_16_2_Gland_5,Yes,No,Venomic_1,18S,CGTATCTGCGA,1432.5,Venom,Venom,,PN_Minor,2016_Winter_Day2,,,,
SUH145,MX_0_km_SU_17_Gland_1,Yes,No,Venomic_1,18S,CAGCTTACTAG,3115,Venom,Venom,,PN_Sheltered,2017_Summer,,,,
SUH146,MX_0_km_SU_17_Gland_2,Yes,No,Venomic_1,18S,CCAGATGATCG,2427,Venom,Venom,,PN_Sheltered,2017_Summer,,,,
SUH147,MX_0_km_SU_17_Gland_3,Yes,No,Venomic_1,18S,ACTGTACGCGT,15568,Venom,Venom,,PN_Sheltered,2017_Summer,,,,
SUH148,MX_0_km_SU_17_Gland_4,Yes,No,Venomic_1,18S,TCCTAGCAGTG,150,Venom,Venom,,PN_Sheltered,2017_Summer,,,,
SUH149,MX_0_km_SU_17_Gland_5,Yes,No,Venomic_1,18S,AGCGATGCCTT,48149,Venom,Venom,,PN_Sheltered,2017_Summer,,,,
SUH150,MX_1_5_km_SU_17_Gland_1,Yes,No,Venomic_1,18S,CATCATGAGGC,474,Venom,Venom,,PN_Major,2017_Summer,,,,
SUH151,MX_1_5_km_SU_17_Gland_2,Yes,No,Venomic_1,18S,GAAGTCTCGCA,158516,Venom,Venom,,PN_Major,2017_Summer,,,,
SUH152,MX_1_5_km_SU_17_Gland_3,Yes,No,Venomic_1,18S,GCACGTTCTAA,190509,Venom,Venom,,PN_Major,2017_Summer,,,,
SUH153,MX_1_5_km_SU_17_Gland_4,Yes,No,Venomic_1,18S,CAGTGATCCTA,31848,Venom,Venom,,PN_Major,2017_Summer,,,,
SUH154,MX_1_5_km_SU_17_Gland_5,Yes,No,Venomic_1,18S,TAGAGCCGTTA,109656,Venom,Venom,,PN_Major,2017_Summer,,,,
SUH155,Monterey_SU_17_Gland_1,Yes,No,Venomic_1,18S,TCAGAGGTTAC,448,Venom,Venom,,MB,2017_Summer,,,,
SUH156,Monterey_SU_17_Gland_2,Yes,No,Venomic_1,18S,GTCCAGTAATG,198870,Venom,Venom,,MB,2017_Summer,,,,
SUH157,Monterey_SU_17_Gland_3,Yes,No,Venomic_1,18S,ACGACGTCTTA,197851,Venom,Venom,,MB,2017_Summer,,,,
SUH158,Monterey_SU_17_Gland_4,Yes,No,Venomic_1,18S,AAGTGGACTCT,431,Venom,Venom,,MB,2017_Summer,,,,
SUH159,Monterey_SU_17_Gland_5,Yes,No,Venomic_1,18S,TAGTCAGGCCA,9999,Venom,Venom,,MB,2017_Summer,,,,
SUH160,SD_Sum_17_100_PSI_Gland_1,Yes,No,Venomic_1,18S,CTACAATGTCG,132972,Venom,Venom,,,,,,,100PSI_Venom
SUH161,SD_Sum_17_100_PSI_Gland_2,Yes,No,Venomic_1,18S,AACAGGTTCGC,12934,Venom,Venom,,,,,,,100PSI_Venom
SUH162,SD_Sum_17_100_PSI_Gland_3,Yes,No,Venomic_1,18S,ACACGGTGTCT,26244,Venom,Venom,,,,,,,100PSI_Venom
SUH163,SD_Sum_17_100_PSI_Gland_4,Yes,No,Venomic_1,18S,GACGCTAGTTC,58902,Venom,Venom,,,,,,,100PSI_Venom
SUH164,SD_Sum_17_100_PSI_Gland_5,Yes,No,Venomic_1,18S,GATAGTGCCAC,10719,Venom,Venom,,,,,,,100PSI_Venom
SUH165,SD_Sum_17_150mg_L_TC_Gland_1,Yes,Yes,Venomic_1,18S,CCAGTGTATGC,136238,Venom,Venom,,,,,,,Venom_Tetracycline
SUH166,SD_Sum_17_150mg_L_TC_Gland_2,Yes,Yes,Venomic_1,18S,TGCTACCATGA,459876,Venom,Venom,,,,,,,Venom_Tetracycline
SUH167,SD_Sum_17_150mg_L_TC_Gland_3,Yes,Yes,Venomic_1,18S,ATGCGAGTATC,5669,Venom,Venom,,,,,,,Venom_Tetracycline
SUH168,SD_Sum_17_150mg_L_TC_Gland_4,Yes,Yes,Venomic_1,18S,GTATCCATGCG,22875,Venom,Venom,,,,,,,Venom_Tetracycline
SUH169,SD_Sum_17_150mg_L_TC_Gland_5,Yes,Yes,Venomic_1,18S,CTTGCTGAAGA,119626,Venom,Venom,,,,,,,Venom_Tetracycline
SUH170,SD_Sum_17_1_atm_Gland_1,Yes,No,Venomic_1,18S,TCTAAGGCACG,210107,Venom,Venom,,,,,,,15PSI_Venom
SUH171,SD_Sum_17_1_atm_Gland_2,Yes,No,Venomic_1,18S,AGGCGACCTTA,297273,Venom,Venom,,,,,,,15PSI_Venom
SUH172,SD_Sum_17_1_atm_Gland_3,Yes,No,Venomic_1,18S,TCAGGCGCTTA,58800,Venom,Venom,,,,,,,15PSI_Venom
SUH173,SD_Sum_17_1_atm_Gland_4,Yes,No,Venomic_1,18S,CAGACATTGCG,359066,Venom,Venom,,,,,,,15PSI_Venom
SUH174,SD_Sum_17_1_atm_Gland_5,Yes,No,Venomic_1,18S,GGTCCAACTAG,300301,Venom,Venom,,,,,,,15PSI_Venom
SUH175,SD_Sum_17_300_PSI_Gland_1,Yes,No,Venomic_1,18S,ATACTTCGCAG,152594,Venom,Venom,,,,,,,300PSI_Venom
SUH176,SD_Sum_17_300_PSI_Gland_2,Yes,No,Venomic_1,18S,GAATCTTCGAG,32638,Venom,Venom,,,,,,,300PSI_Venom
SUH177,SD_Sum_17_300_PSI_Gland_3,Yes,No,Venomic_1,18S,TGAATAGTCCG,6905,Venom,Venom,,,,,,,300PSI_Venom
SUH178,SD_Sum_17_300_PSI_Gland_4,Yes,No,Venomic_1,18S,TTAGCGTCACG,305713,Venom,Venom,,,,,,,300PSI_Venom
SUH179,SD_Sum_17_300_PSI_Gland_5,Yes,No,Venomic_1,18S,ACTGTCGAAGC,367965,Venom,Venom,,,,,,,300PSI_Venom
SUH180,SD_Sum_17_Prey__10min_1,Yes,No,Venomic_1,18S,CTAGTCAGCTG,8,Venom,Venom,,,,,,,Venom_PreyExposure
SUH181,SD_Sum_17_Prey__10min_2,Yes,No,Venomic_1,18S,GTCCGCTGAAT,24675,Venom,Venom,,,,,,,Venom_PreyExposure
SUH182,SD_Sum_17_Prey__10min_3,Yes,No,Venomic_1,18S,GAACACTTCTG,360395,Venom,Venom,,,,,,,Venom_PreyExposure
SUH183,SD_Sum_17_Prey__10min_4,Yes,No,Venomic_1,18S,TGTCGGCTACA,3464,Venom,Venom,,,,,,,Venom_PreyExposure
SUH184,SD_Sum_17_Prey__10min_5,Yes,No,Venomic_1,18S,GTAGCAACGTC,12277,Venom,Venom,,,,,,,Venom_PreyExposure
SUH185,SD_Sum_17_Sterile_Gland_1,Yes,Yes,Venomic_1,18S,AGCGTGTCCAA,1770,Control_Venom,Control_Venom,Venom_Sterile,,,,,,
SUH186,SD_Sum_17_Sterile_Gland_2,Yes,Yes,Venomic_1,18S,CCTGGATATAG,19366,Venom,Venom,Venom_Sterile,,,,,,
SUH187,SD_Sum_17_Sterile_Gland_3,Yes,Yes,Venomic_1,18S,ATGACCATCGT,2394,Venom,Venom,Venom_Sterile,,,,,,
SUH188,SD_Sum_17_Sterile_Gland_4,Yes,Yes,Venomic_1,18S,GCATGGCTCTA,24270,Venom,Venom,Venom_Sterile,,,,,,
SUH189,SD_Sum_17_Sterile_Gland_5,Yes,Yes,Venomic_1,18S,TTGAACCAGCT,100434,Venom,Venom,Venom_Sterile,,,,,,
SUH190,SD_Sum_17_WT_Bulb_1,Yes,Yes,Venomic_1,18S,GCCTTAAGCGA,2374,,,,,,1,Venom_Bulb,Venom_Bulb,
SUH191,SD_Sum_17_WT_Bulb_2,Yes,Yes,Venomic_1,18S,GACTTATAGGC,7877,,,,,,2,Venom_Bulb,Venom_Bulb,
SUH192,SD_Sum_17_WT_Bulb_3,Yes,Yes,Venomic_1,18S,TTAACGGCTGA,1161.5,,,,,,3,Venom_Bulb,Venom_Bulb,
SUH193,SD_Sum_17_WT_Bulb_4,Yes,Yes,Venomic_1,18S,TAGGCCGACTT,3398,,,,,,4,Venom_Bulb,Venom_Bulb,
SUH194,SD_Sum_17_WT_Bulb_5,Yes,Yes,Venomic_1,18S,TGGCACCGATT,4220,,,,,,5,Venom_Bulb,Venom_Bulb,
SUH195,SD_Sum_17_WT_Distal_Duct_1,Yes,Yes,Venomic_1,18S,ACGCTATCTGG,1782,,,,,,1,Venom_Distal,Venom_Distal,
SUH196,SD_Sum_17_WT_Distal_Duct_2,Yes,Yes,Venomic_1,18S,CTTCTAAGGAG,24005,,,,,,2,Venom_Distal,Venom_Distal,
SUH197,SD_Sum_17_WT_Distal_Duct_3,Yes,Yes,Venomic_1,18S,ATTCATGGACG,14082,,,,,,3,Venom_Distal,Venom_Distal,
SUH198,SD_Sum_17_WT_Distal_Duct_4,Yes,Yes,Venomic_1,18S,TCTGGAACGCT,815,,,,,,4,Venom_Distal,Venom_Distal,
SUH199,SD_Sum_17_WT_Distal_Duct_5,Yes,Yes,Venomic_1,18S,GCCGCTTAATA,1901,,,,,,5,Venom_Distal,Venom_Distal,
SUH200,SD_Sum_17_WT_Gland_1,Yes,Yes,Venomic_1,18S,TTGTCGCACAA,2231,Venom,Venom,Venom_WT,,,1,Venom_WT,Venom_WT,Venom_WT
SUH201,SD_Sum_17_WT_Gland_2,Yes,Yes,Venomic_1,18S,AACTGTGCGTA,3102,Venom,Venom,Venom_WT,,,2,Venom_WT,Venom_WT,Venom_WT
SUH202,SD_Sum_17_WT_Gland_3,Yes,Yes,Venomic_1,18S,TGCGAACGTAT,25429,Venom,Venom,Venom_WT,,,3,Venom_WT,Venom_WT,Venom_WT
SUH203,SD_Sum_17_WT_Gland_4,Yes,Yes,Venomic_1,18S,CATCAGCGTGT,46515,Venom,Venom,Venom_WT,,,4,Venom_WT,Venom_WT,Venom_WT
SUH204,SD_Sum_17_WT_Gland_5,Yes,Yes,Venomic_1,18S,TTCAACAGGTG,2337,Venom,Venom,Venom_WT,,,5,Venom_WT,Venom_WT,Venom_WT
SUH205,SD_Sum_17_WT_Proximal_Duct_1,Yes,Yes,Venomic_1,18S,TACCGCTAGTA,7789,,,,,,1,Venom_Proximal,Venom_Proximal,
SUH206,SD_Sum_17_WT_Proximal_Duct_2,Yes,Yes,Venomic_1,18S,TGGCTCTACAG,8494,,,,,,2,Venom_Proximal,Venom_Proximal,
SUH207,SD_Sum_17_WT_Proximal_Duct_3,Yes,Yes,Venomic_1,18S,ATGGCAGCTCT,5931,,,,,,3,Venom_Proximal,Venom_Proximal,
SUH208,SD_Sum_17_WT_Proximal_Duct_4,Yes,Yes,Venomic_1,18S,GATACGTCCTG,13818,,,,,,4,Venom_Proximal,Venom_Proximal,
SUH209,SD_Sum_17_WT_Proximal_Duct_5,Yes,Yes,Venomic_1,18S,CATGAGTGCTA,2896,,,,,,5,Venom_Proximal,Venom_Proximal,
SUH210,San_Diego_SU_17_Gland_1,Yes,No,Venomic_1,18S,AGGCATCTTAC,14813,Venom,Venom,Venom_NaturalControl,SD,2017_Summer,,Venom_NaturalControl,Venom_NaturalControl,Venom_NaturalControl
SUH211,San_Diego_SU_17_Gland_2,Yes,No,Venomic_1,18S,GGTATGACTCA,344397,Venom,Venom,Venom_NaturalControl,SD,2017_Summer,,Venom_NaturalControl,Venom_NaturalControl,Venom_NaturalControl
SUH212,San_Diego_SU_17_Gland_3,Yes,No,Venomic_1,18S,GTTACCTCAGA,88841,Venom,Venom,Venom_NaturalControl,SD,2017_Summer,,Venom_NaturalControl,Venom_NaturalControl,Venom_NaturalControl
SUH213,San_Diego_SU_17_Gland_4,Yes,No,Venomic_1,18S,TCGCATGAAGT,9745.5,Venom,Venom,Venom_NaturalControl,SD,2017_Summer,,Venom_NaturalControl,Venom_NaturalControl,Venom_NaturalControl
SUH214,San_Diego_SU_17_Gland_5,Yes,No,Venomic_1,18S,GAGTTCCATAG,18686,Venom,Venom,Venom_NaturalControl,SD,2017_Summer,,Venom_NaturalControl,Venom_NaturalControl,Venom_NaturalControl
SUH216,MX_0_5_km_SU_16_Gland_1,Yes,No,Venomic_1,16S_V4,GCTACGTGCAC,2158.5,Venom,Venom,,PN_Minor,2016_Summer,,,,
SUH217,MX_0_5_km_SU_16_Gland_2,Yes,No,Venomic_1,16S_V4,CTAGTCGACGA,33217,Venom,Venom,,PN_Minor,2016_Summer,,,,
SUH218,MX_0_5_km_SU_16_Gland_3,Yes,No,Venomic_1,16S_V4,CAGATCTGACA,33702.5,Venom,Venom,,PN_Minor,2016_Summer,,,,
SUH219,MX_0_5_km_SU_16_Gland_4,Yes,No,Venomic_1,16S_V4,CTGACTACTCT,9919,Venom,Venom,,PN_Minor,2016_Summer,,,,
SUH220,MX_0_5_km_SU_16_Gland_5,Yes,No,Venomic_1,16S_V4,CTAGACTGATG,24744.5,Venom,Venom,,PN_Minor,2016_Summer,,,,
SUH221,MX_0_5_km_SU_17_Gland_1,Yes,No,Venomic_1,16S_V4,TAGCGTACTCT,17359,Venom,Venom,,PN_Minor,2016_Summer,,,,
SUH222,MX_0_5_km_SU_17_Gland_2,Yes,No,Venomic_1,16S_V4,CACAGACTATG,27726.5,Venom,Venom,,PN_Minor,2016_Summer,,,,
SUH223,MX_0_5_km_SU_17_Gland_3,Yes,No,Venomic_1,16S_V4,TAGTCGATACG,8902,Venom,Venom,,PN_Minor,2016_Summer,,,,
SUH224,MX_0_5_km_SU_17_Gland_4,Yes,No,Venomic_1,16S_V4,CGCATGATCAG,22946,Venom,Venom,,PN_Minor,2016_Summer,,,,
SUH225,MX_0_5_km_SU_17_Gland_5,Yes,No,Venomic_1,16S_V4,TACATAGTCGC,17342,Venom,Venom,,PN_Minor,2016_Summer,,,,
SUH226,MX_0_5_km_WI_16_1_Gland_1,Yes,No,Venomic_1,16S_V4,GCACGTATAGC,4732,Venom,Venom,,PN_Minor,2016_Winter_Day1,,,,
SUH227,MX_0_5_km_WI_16_1_Gland_2,Yes,No,Venomic_1,16S_V4,CGCGCAGTGTA,3237.5,Venom,Venom,,PN_Minor,2016_Winter_Day1,,,,
SUH228,MX_0_5_km_WI_16_1_Gland_3,Yes,No,Venomic_1,16S_V4,CGCACATCAGA,21054,Venom,Venom,,PN_Minor,2016_Winter_Day1,,,,
SUH229,MX_0_5_km_WI_16_1_Gland_4,Yes,No,Venomic_1,16S_V4,GTCACGACACA,52087.5,Venom,Venom,,PN_Minor,2016_Winter_Day1,,,,
SUH230,MX_0_5_km_WI_16_1_Gland_5,Yes,No,Venomic_1,16S_V4,AGAGCATATCT,7344.5,Venom,Venom,,PN_Minor,2016_Winter_Day1,,,,
SUH231,MX_0_5_km_WI_16_2_Gland_1,Yes,No,Venomic_1,16S_V4,ACGATCGCTAG,74101,Venom,Venom,,PN_Minor,2016_Winter_Day2,,,,
SUH232,MX_0_5_km_WI_16_2_Gland_2,Yes,No,Venomic_1,16S_V4,AGATGTAGCTC,52403,Venom,Venom,,PN_Minor,2016_Winter_Day2,,,,
SUH233,MX_0_5_km_WI_16_2_Gland_3,Yes,No,Venomic_1,16S_V4,GCGACTCGAGC,25373,Venom,Venom,,PN_Minor,2016_Winter_Day2,,,,
SUH234,MX_0_5_km_WI_16_2_Gland_4,Yes,No,Venomic_1,16S_V4,CGCATGTAGTA,16873,Venom,Venom,,PN_Minor,2016_Winter_Day2,,,,
SUH235,MX_0_5_km_WI_16_2_Gland_5,Yes,No,Venomic_1,16S_V4,AGTATCAGTCA,30413.5,Venom,Venom,,PN_Minor,2016_Winter_Day2,,,,
SUH237,MX_0_km_SU_17_Gland_1,Yes,No,Venomic_1,16S_V4,CATGAGAGACG,57910,Venom,Venom,,PN_Sheltered,2017_Summer,,,,
SUH238,MX_0_km_SU_17_Gland_2,Yes,No,Venomic_1,16S_V4,GATCAGTACAG,47069.5,Venom,Venom,,PN_Sheltered,2017_Summer,,,,
SUH239,MX_0_km_SU_17_Gland_3,Yes,No,Venomic_1,16S_V4,ATGTAGTGCGC,35895,Venom,Venom,,PN_Sheltered,2017_Summer,,,,
SUH240,MX_0_km_SU_17_Gland_4,Yes,No,Venomic_1,16S_V4,GACGATGACAC,31172,Venom,Venom,,PN_Sheltered,2017_Summer,,,,
SUH241,MX_0_km_SU_17_Gland_5,Yes,No,Venomic_1,16S_V4,CACTGTATAGA,34686,Venom,Venom,,PN_Sheltered,2017_Summer,,,,
SUH242,MX_1_5_km_SU_17_Gland_1,Yes,No,Venomic_1,16S_V4,TGTAGCTGACA,39828.5,Venom,Venom,,PN_Major,2017_Summer,,,,
SUH243,MX_1_5_km_SU_17_Gland_2,Yes,No,Venomic_1,16S_V4,ACGTAGTATCT,20681,Venom,Venom,,PN_Major,2017_Summer,,,,
SUH244,MX_1_5_km_SU_17_Gland_3,Yes,No,Venomic_1,16S_V4,TCTACGAGATG,75143.5,Venom,Venom,,PN_Major,2017_Summer,,,,
SUH245,MX_1_5_km_SU_17_Gland_4,Yes,No,Venomic_1,16S_V4,CATCACTGTAG,30368,Venom,Venom,,PN_Major,2017_Summer,,,,
SUH246,MX_1_5_km_SU_17_Gland_5,Yes,No,Venomic_1,16S_V4,CGATGAGCGTC,54815.5,Venom,Venom,,PN_Major,2017_Summer,,,,
SUH247,Monterey_SU_17_Gland_1,Yes,No,Venomic_1,16S_V4,GTCGCTCATGA,10836,Venom,Venom,,MB,2017_Summer,,,,
SUH248,Monterey_SU_17_Gland_2,Yes,No,Venomic_1,16S_V4,GATACGCTACA,24727.5,Venom,Venom,,MB,2017_Summer,,,,
SUH249,Monterey_SU_17_Gland_3,Yes,No,Venomic_1,16S_V4,GATGACACAGT,10133,Venom,Venom,,MB,2017_Summer,,,,
SUH250,Monterey_SU_17_Gland_4,Yes,No,Venomic_1,16S_V4,ACGTGATGCTG,15067,Venom,Venom,,MB,2017_Summer,,,,
SUH251,Monterey_SU_17_Gland_5,Yes,No,Venomic_1,16S_V4,TATACGCAGCG,19567.5,Venom,Venom,,MB,2017_Summer,,,,
SUH252,SD_Sum_17_100_PSI_Gland_1,Yes,No,Venomic_1,16S_V4,GCTCATGTAGT,11808,Venom,Venom,,,,,,,100PSI_Venom
SUH253,SD_Sum_17_100_PSI_Gland_2,Yes,No,Venomic_1,16S_V4,TAGCACGAGTG,27466,Venom,Venom,,,,,,,100PSI_Venom
SUH254,SD_Sum_17_100_PSI_Gland_3,Yes,No,Venomic_1,16S_V4,AGTCTACTGCG,13525,Venom,Venom,,,,,,,100PSI_Venom
SUH255,SD_Sum_17_100_PSI_Gland_4,Yes,No,Venomic_1,16S_V4,GTCTACACGAG,14566,Venom,Venom,,,,,,,100PSI_Venom
SUH256,SD_Sum_17_100_PSI_Gland_5,Yes,No,Venomic_1,16S_V4,GACGACGCATC,29225.5,Venom,Venom,,,,,,,100PSI_Venom
SUH257,SD_Sum_17_150mg_L_TC_Gland_1,Yes,Yes,Venomic_1,16S_V4,AGCACGATCTA,15309,Venom,Venom,,,,,,,Venom_Tetracycline
SUH258,SD_Sum_17_150mg_L_TC_Gland_2,Yes,Yes,Venomic_1,16S_V4,CGACTAGCTCA,26119,Venom,Venom,,,,,,,Venom_Tetracycline
SUH259,SD_Sum_17_150mg_L_TC_Gland_3,Yes,Yes,Venomic_1,16S_V4,AGTCGCATCGT,4800.5,Venom,Venom,,,,,,,Venom_Tetracycline
SUH260,SD_Sum_17_150mg_L_TC_Gland_4,Yes,Yes,Venomic_1,16S_V4,CTACATGAGTG,15837,Venom,Venom,,,,,,,Venom_Tetracycline
SUH261,SD_Sum_17_150mg_L_TC_Gland_5,Yes,Yes,Venomic_1,16S_V4,ACATGACATCG,13039,Venom,Venom,,,,,,,Venom_Tetracycline
SUH262,SD_Sum_17_1_atm_Gland_1,Yes,No,Venomic_1,16S_V4,ACTGCGACGAG,8018.5,Venom,Venom,,,,,,,15PSI_Venom
SUH263,SD_Sum_17_1_atm_Gland_2,Yes,No,Venomic_1,16S_V4,TCATGCGCATC,15569,Venom,Venom,,,,,,,15PSI_Venom
SUH264,SD_Sum_17_1_atm_Gland_3,Yes,No,Venomic_1,16S_V4,TAGATCATGAC,10103.5,Venom,Venom,,,,,,,15PSI_Venom
SUH265,SD_Sum_17_1_atm_Gland_4,Yes,No,Venomic_1,16S_V4,ACGATGTGCTA,90139,Venom,Venom,,,,,,,15PSI_Venom
SUH266,SD_Sum_17_1_atm_Gland_5,Yes,No,Venomic_1,16S_V4,TAGTGCACTCA,27170.5,Venom,Venom,,,,,,,15PSI_Venom
SUH267,SD_Sum_17_300_PSI_Gland_1,Yes,No,Venomic_1,16S_V4,GTGCACGCGAC,8407,Venom,Venom,,,,,,,300PSI_Venom
SUH268,SD_Sum_17_300_PSI_Gland_2,Yes,No,Venomic_1,16S_V4,GCTCACAGCTA,9004,Venom,Venom,,,,,,,300PSI_Venom
SUH269,SD_Sum_17_300_PSI_Gland_3,Yes,No,Venomic_1,16S_V4,GATATCGATCA,15604,Venom,Venom,,,,,,,300PSI_Venom
SUH270,SD_Sum_17_300_PSI_Gland_4,Yes,No,Venomic_1,16S_V4,CTGTCATGAGT,34308,Venom,Venom,,,,,,,300PSI_Venom
SUH271,SD_Sum_17_300_PSI_Gland_5,Yes,No,Venomic_1,16S_V4,AGCGATATCTG,31969,Venom,Venom,,,,,,,300PSI_Venom
SUH272,SD_Sum_17_Prey__10min_1,Yes,No,Venomic_1,16S_V4,ACATATACGCG,16256.5,Venom,Venom,,,,,,,Venom_PreyExposure
SUH273,SD_Sum_17_Prey__10min_2,Yes,No,Venomic_1,16S_V4,ACGACGTAGAG,23114,Venom,Venom,,,,,,,Venom_PreyExposure
SUH274,SD_Sum_17_Prey__10min_3,Yes,No,Venomic_1,16S_V4,CAGTCTGATGC,165938,Venom,Venom,,,,,,,Venom_PreyExposure
SUH275,SD_Sum_17_Prey__10min_4,Yes,No,Venomic_1,16S_V4,TGTGACGAGAC,5389,Venom,Venom,,,,,,,Venom_PreyExposure
SUH276,SD_Sum_17_Prey__10min_5,Yes,No,Venomic_1,16S_V4,TCGCGCTACTA,11338,Venom,Venom,,,,,,,Venom_PreyExposure
SUH277,SD_Sum_17_Sterile_Gland_1,Yes,Yes,Venomic_1,16S_V4,AGATCGCTGTG,8350,Control_Venom,Control_Venom,Venom_Sterile,,,,,,
SUH278,SD_Sum_17_Sterile_Gland_2,Yes,Yes,Venomic_1,16S_V4,CGTAGATGTCG,22287,Venom,Venom,Venom_Sterile,,,,,,
SUH279,SD_Sum_17_Sterile_Gland_3,Yes,Yes,Venomic_1,16S_V4,GCTACTCTGAG,7941,Venom,Venom,Venom_Sterile,,,,,,
SUH280,SD_Sum_17_Sterile_Gland_4,Yes,Yes,Venomic_1,16S_V4,GCGATGTCATC,27705.5,Venom,Venom,Venom_Sterile,,,,,,
SUH281,SD_Sum_17_Sterile_Gland_5,Yes,Yes,Venomic_1,16S_V4,TCGCATCTGAC,15272,Venom,Venom,Venom_Sterile,,,,,,
SUH282,SD_Sum_17_WT_Bulb_1,Yes,Yes,Venomic_1,16S_V4,TGACAGCTGCA,3222,,,,,,1,Venom_Bulb,Venom_Bulb,
SUH283,SD_Sum_17_WT_Bulb_2,Yes,Yes,Venomic_1,16S_V4,ATCATGTCAGT,10264.5,,,,,,2,Venom_Bulb,Venom_Bulb,
SUH284,SD_Sum_17_WT_Bulb_3,Yes,Yes,Venomic_1,16S_V4,GACTAGTGCTG,14436,,,,,,3,Venom_Bulb,Venom_Bulb,
SUH285,SD_Sum_17_WT_Bulb_4,Yes,Yes,Venomic_1,16S_V4,GATATGACGCG,13432,,,,,,4,Venom_Bulb,Venom_Bulb,
SUH286,SD_Sum_17_WT_Bulb_5,Yes,Yes,Venomic_1,16S_V4,CGAGACTAGAG,8166,,,,,,5,Venom_Bulb,Venom_Bulb,
SUH287,SD_Sum_17_WT_Distal_Duct_1,Yes,Yes,Venomic_1,16S_V4,TGACACTGCTG,23823,,,,,,1,Venom_Distal,Venom_Distal,
SUH288,SD_Sum_17_WT_Distal_Duct_2,Yes,Yes,Venomic_1,16S_V4,CTAGCTCAGCG,9092,,,,,,2,Venom_Distal,Venom_Distal,
SUH289,SD_Sum_17_WT_Distal_Duct_3,Yes,Yes,Venomic_1,16S_V4,GCATATCAGAG,9340,,,,,,3,Venom_Distal,Venom_Distal,
SUH290,SD_Sum_17_WT_Distal_Duct_4,Yes,Yes,Venomic_1,16S_V4,ACTCGTCATGC,10185,,,,,,4,Venom_Distal,Venom_Distal,
SUH291,SD_Sum_17_WT_Distal_Duct_5,Yes,Yes,Venomic_1,16S_V4,GATGCAGTCAC,3972.5,,,,,,5,Venom_Distal,Venom_Distal,
SUH292,SD_Sum_17_WT_Gland_1,Yes,Yes,Venomic_1,16S_V4,TATCGCACTAG,3519,Venom,Venom,Venom_WT,,,,,Venom_WT,Venom_WT
SUH293,SD_Sum_17_WT_Gland_2,Yes,Yes,Venomic_1,16S_V4,CGATATCGATC,10569,Venom,Venom,Venom_WT,,,,,Venom_WT,Venom_WT
SUH294,SD_Sum_17_WT_Gland_3,Yes,Yes,Venomic_1,16S_V4,CAGATGCGAGC,4143,Venom,Venom,Venom_WT,,,,,Venom_WT,Venom_WT
SUH295,SD_Sum_17_WT_Gland_4,Yes,Yes,Venomic_1,16S_V4,GCTCTAGAGTA,2777,Venom,Venom,Venom_WT,,,,,Venom_WT,Venom_WT
SUH296,SD_Sum_17_WT_Gland_5,Yes,Yes,Venomic_1,16S_V4,AGCGATGCTCA,3240.5,Venom,Venom,Venom_WT,,,,,Venom_WT,Venom_WT
SUH297,SD_Sum_17_WT_Proximal_Duct_1,Yes,Yes,Venomic_1,16S_V4,TCTAGCGATGC,5686,,,,,,1,Venom_Proximal,Venom_Proximal,
SUH298,SD_Sum_17_WT_Proximal_Duct_2,Yes,Yes,Venomic_1,16S_V4,ATCAGTGTCAC,6873.5,,,,,,2,Venom_Proximal,Venom_Proximal,
SUH299,SD_Sum_17_WT_Proximal_Duct_3,Yes,Yes,Venomic_1,16S_V4,ACGTCGACTGA,9670,,,,,,3,Venom_Proximal,Venom_Proximal,
SUH300,SD_Sum_17_WT_Proximal_Duct_4,Yes,Yes,Venomic_1,16S_V4,ACGTGTGAGCA,5849,,,,,,4,Venom_Proximal,Venom_Proximal,
SUH301,SD_Sum_17_WT_Proximal_Duct_5,Yes,Yes,Venomic_1,16S_V4,ATCTCAGCAGT,4267.5,,,,,,5,Venom_Proximal,Venom_Proximal,
SUH302,San_Diego_SU_17_Gland_1,Yes,No,Venomic_1,16S_V4,ATAGAGCTCAG,20242.5,Venom,Venom,Venom_NaturalControl,SD,2017_Summer,1,Venom_NaturalControl,Venom_NaturalControl,Venom_NaturalControl
SUH303,San_Diego_SU_17_Gland_2,Yes,No,Venomic_1,16S_V4,ACATGTGTCGC,35651,Venom,Venom,Venom_NaturalControl,SD,2017_Summer,2,Venom_NaturalControl,Venom_NaturalControl,Venom_NaturalControl
SUH304,San_Diego_SU_17_Gland_3,Yes,No,Venomic_1,16S_V4,GAGTAGATCAC,12806,Venom,Venom,Venom_NaturalControl,SD,2017_Summer,3,Venom_NaturalControl,Venom_NaturalControl,Venom_NaturalControl
SUH305,San_Diego_SU_17_Gland_4,Yes,No,Venomic_1,16S_V4,ACTCTATGCGA,17735,Venom,Venom,Venom_NaturalControl,SD,2017_Summer,4,Venom_NaturalControl,Venom_NaturalControl,Venom_NaturalControl
SUH306,San_Diego_SU_17_Gland_5,Yes,No,Venomic_1,16S_V4,GCTGATATACA,22730,Venom,Venom,Venom_NaturalControl,SD,2017_Summer,5,Venom_NaturalControl,Venom_NaturalControl,Venom_NaturalControl
SUH308,MX_0.5_km_WI_16_3_Gland_2,,,Venomic_2,18S,TTGTCGCACAA,28,Venom,Venom,,PN_Minor,2016_Winter_Day3,,,,
SUH309,MX_0.5_km_WI_16_3_Gland_3,,,Venomic_2,18S,AACTGTGCGTA,417,Venom,Venom,,PN_Minor,2016_Winter_Day3,,,,
SUH310,MX_0.5_km_WI_16_3_Gland_4,,,Venomic_2,18S,TGCGAACGTAT,326,Venom,Venom,,PN_Minor,2016_Winter_Day3,,,,
SUH311,MX_0.5_km_WI_16_3_Gland_5,,,Venomic_2,18S,CATCAGCGTGT,36,Venom,Venom,,PN_Minor,2016_Winter_Day3,,,,
SUH312,SD_Sum_17_WT_Water_1,,,Venomic_2,18S,TTCAACAGGTG,157143.5,Control_Seawater1,Seawater,Seawater_WT,SD,2017_Summer,,Seawater_WT,Seawater_WT,Seawater_WT
SUH313,SD_Sum_17_WT_Water_2,,,Venomic_2,18S,AGCGTGTCCAA,133295.5,Seawater,Seawater,Seawater_WT,SD,2017_Summer,,Seawater_WT,Seawater_WT,Seawater_WT
SUH314,SD_Sum_17_WT_Water_3,,,Venomic_2,18S,CCTGGATATAG,80842.5,Seawater,Seawater,Seawater_WT,SD,2017_Summer,,Seawater_WT,Seawater_WT,Seawater_WT
SUH315,SD_Sum_17_Sterile_Water_1,,,Venomic_2,18S,ATGACCATCGT,199,Seawater,Seawater,,,,,,,Seawater_Sterile
SUH316,SD_Sum_17_Sterile_Water_2,,,Venomic_2,18S,GCATGGCTCTA,28286,Seawater,Seawater,,,,,,,Seawater_Sterile
SUH317,SD_Sum_17_150mg/L_TC_Water_2,,,Venomic_2,18S,TTGAACCAGCT,14964,Seawater,Seawater,,,,,,,Seawater_Tetracycline
SUH318,SD_Sum_17_150mg/L_TC_Water_3,,,Venomic_2,18S,CCAGTGTATGC,4740,Seawater,Seawater,,,,,,,Seawater_Tetracycline
SUH319,SD_Sum_17_1_atm_Water_1,,,Venomic_2,18S,TGCTACCATGA,1023,Seawater,Seawater,,,,,,,15PSI_Seawater
SUH320,SD_Sum_17_1_atm_Water_2,,,Venomic_2,18S,ATGCGAGTATC,682,Seawater,Seawater,,,,,,,15PSI_Seawater
SUH321,SD_Sum_17_1_atm_Water_3,,,Venomic_2,18S,GTATCCATGCG,1156,Seawater,Seawater,,,,,,,15PSI_Seawater
SUH322,SD_Sum_17_100_PSI_Water_1,,,Venomic_2,18S,CTTGCTGAAGA,80,Seawater,Seawater,,,,,,,100PSI_Seawater
SUH323,SD_Sum_17_100_PSI_Water_2,,,Venomic_2,18S,TCTAAGGCACG,236,Seawater,Seawater,,,,,,,100PSI_Seawater
SUH324,SD_Sum_17_100_PSI_Water_3,,,Venomic_2,18S,AGGCGACCTTA,165,Seawater,Seawater,,,,,,,100PSI_Seawater
SUH325,SD_Sum_17_300_PSI_Water_1,,,Venomic_2,18S,TCAGGCGCTTA,15060,Seawater,Seawater,,,,,,,300PSI_Seawater
SUH326,SD_Sum_17_300_PSI_Water_2,,,Venomic_2,18S,CAGACATTGCG,1853,Seawater,Seawater,,,,,,,300PSI_Seawater
SUH327,SD_Sum_17_300_PSI_Water_3,,,Venomic_2,18S,GGTCCAACTAG,36835,Seawater,Seawater,,,,,,,300PSI_Seawater
SUH328,SD_Sum_17_Prey__10min_Water_1,,,Venomic_2,18S,CTACAATGTCG,291,Seawater,Seawater,,,,,,,Seawater_PreyExposure
SUH329,SD_Sum_17_Prey__10min_Water_2,,,Venomic_2,18S,AACAGGTTCGC,489,Seawater,Seawater,,,,,,,Seawater_PreyExposure
SUH330,SD_Sum_17_Prey__10min_Water_3,,,Venomic_2,18S,ACACGGTGTCT,277,Control_Seawater2,Control_Seawater2,,,,,,,Seawater_PreyExposure
SUH331,SD_Sum_17_Prey__10min_Water_3.2,,,Venomic_2,18S,GACGCTAGTTC,33059,Control_Seawater2,Control_Seawater2,,,,,,,Seawater_PreyExposure
SUH332,Monterey_SU_17_Water_1,,,Venomic_2,18S,GATAGTGCCAC,3534,Seawater,Seawater,,MB,2017_Summer,,,,
SUH333,Monterey_SU_17_Water_2,,,Venomic_2,18S,ATACTTCGCAG,5275,Seawater,Seawater,,MB,2017_Summer,,,,
SUH334,Monterey_SU_17_Water_3,,,Venomic_2,18S,GAATCTTCGAG,2526,Seawater,Seawater,,MB,2017_Summer,,,,
SUH335,MX_0.5_km_SU_17_Water_1,,,Venomic_2,18S,TGAATAGTCCG,3804,Seawater,Seawater,,PN_Minor,2016_Summer,,,,
SUH336,MX_0.5_km_SU_17_Water_2,,,Venomic_2,18S,TTAGCGTCACG,97200.5,Seawater,Seawater,,PN_Minor,2016_Summer,,,,
SUH337,MX_0.5_km_SU_17_Water_3,,,Venomic_2,18S,ACTGTCGAAGC,427,Seawater,Seawater,,PN_Minor,2016_Summer,,,,
SUH338,MX_0.5_km_SU_16_Water_1,,,Venomic_2,18S,CTAGTCAGCTG,230743.5,Seawater,Seawater,,PN_Minor,2016_Summer,,,,
SUH339,MX_0.5_km_SU_16_Water_2,,,Venomic_2,18S,GTCCGCTGAAT,165110,Seawater,Seawater,,PN_Minor,2016_Summer,,,,
SUH340,MX_0.5_km_SU_16_Water_3,,,Venomic_2,18S,GAACACTTCTG,141570.5,Seawater,Seawater,,PN_Minor,2016_Summer,,,,
SUH341,MX_0_km_SU_17_Water_1,,,Venomic_2,18S,TGTCGGCTACA,38403.5,Seawater,Seawater,,PN_Sheltered,2017_Summer,,,,
SUH342,MX_0_km_SU_17_Water_2,,,Venomic_2,18S,GTAGCAACGTC,49660.5,Seawater,Seawater,,PN_Sheltered,2017_Summer,,,,
SUH343,MX_0_km_SU_17_Water_3,,,Venomic_2,18S,GCCTTAAGCGA,102758.5,Seawater,Seawater,,PN_Sheltered,2017_Summer,,,,
SUH344,MX_1.5_km_SU_17_Water_1,,,Venomic_2,18S,GACTTATAGGC,72071.5,Seawater,Seawater,,PN_Major,2017_Summer,,,,
SUH345,MX_1.5_km_SU_17_Water_2,,,Venomic_2,18S,TTAACGGCTGA,114708.5,Seawater,Seawater,,PN_Major,2017_Summer,,,,
SUH346,MX_1.5_km_SU_17_Water_3,,,Venomic_2,18S,TAGGCCGACTT,86374.5,Seawater,Seawater,,PN_Major,2017_Summer,,,,
SUH347,MX_0.5_km_WI_16_1_Water_1,,,Venomic_2,18S,TGGCACCGATT,66568.5,Seawater,Seawater,,PN_Minor,2016_Winter_Day1,,,,
SUH348,MX_0.5_km_WI_16_1_Water_2,,,Venomic_2,18S,TACCGCTAGTA,49007.5,Seawater,Seawater,,PN_Minor,2016_Winter_Day1,,,,
SUH349,MX_0.5_km_WI_16_1_Water_3,,,Venomic_2,18S,TGGCTCTACAG,104840.5,Seawater,Seawater,,PN_Minor,2016_Winter_Day1,,,,
SUH350,MX_0.5_km_WI_16_2_Water_1,,,Venomic_2,18S,ATGGCAGCTCT,150231.5,Seawater,Seawater,,PN_Minor,2016_Winter_Day2,,,,
SUH351,MX_0.5_km_WI_16_2_Water_2,,,Venomic_2,18S,GATACGTCCTG,204862.5,Seawater,Seawater,,PN_Minor,2016_Winter_Day2,,,,
SUH352,MX_0.5_km_WI_16_2_Water_3,,,Venomic_2,18S,CATGAGTGCTA,135329.5,Seawater,Seawater,,PN_Minor,2016_Winter_Day2,,,,
SUH353,MX_0.5_km_WI_16_3_Water_1,,,Venomic_2,18S,ACGCTATCTGG,66337.5,Seawater,Seawater,,PN_Minor,2016_Winter_Day3,,,,
SUH354,MX_0.5_km_WI_16_3_Water_2,,,Venomic_2,18S,CTTCTAAGGAG,201456.5,Seawater,Seawater,,PN_Minor,2016_Winter_Day3,,,,
SUH355,MX_0.5_km_WI_16_3_Water_3,,,Venomic_2,18S,ATTCATGGACG,206491.5,Seawater,Seawater,,PN_Minor,2016_Winter_Day3,,,,
SUH356,Baja_6-20-17_CRS_1,,,Venomic_2,18S,TCTGGAACGCT,43459,Seawater,,,,,,,,
SUH357,Baja_6-20-17_CRS_2,,,Venomic_2,18S,GCCGCTTAATA,260501,Seawater,,,,,,,,
SUH358,Baja_6-20-17_CRS_3,,,Venomic_2,18S,TCAGAGGTTAC,152743,Seawater,,,,,,,,
SUH359,Baja_6-20-17_LYR_1,,,Venomic_2,18S,GTCCAGTAATG,119448.5,Seawater,,,,,,,,
SUH360,Baja_6-20-17_LYR_2,,,Venomic_2,18S,ACGACGTCTTA,51091,Seawater,,,,,,,,
SUH361,Baja_6-20-17_LYR_3,,,Venomic_2,18S,AAGTGGACTCT,244555.5,Seawater,,,,,,,,
SUH362,Baja_6-20-17_LH1,,,Venomic_2,18S,TAGTCAGGCCA,176204,Seawater,,,,,,,,
SUH363,Baja_6-20-17_LH2,,,Venomic_2,18S,AGGCATCTTAC,115368,Seawater,,,,,,,,
SUH364,Baja_6-20-17_LH3,,,Venomic_2,18S,GGTATGACTCA,48083,Seawater,,,,,,,,
SUH365,SD_Sum_17_WT_Shell_1,,,Venomic_2,18S,GTTACCTCAGA,29,,,,,,1,Shell,,
SUH366,SD_Sum_17_WT_Shell_2,,,Venomic_2,18S,TCGCATGAAGT,572,,,,,,2,Shell,,
SUH367,SD_Sum_17_WT_Shell_3,,,Venomic_2,18S,GAGTTCCATAG,10685,,,,,,3,Shell,,
SUH368,SD_Sum_17_WT_Shell_4,,,Venomic_2,18S,CAATTGTGCAC,1630,,,,,,4,Shell,,
SUH371,SD_Sum_17_WT_Gut_2,,,Venomic_2,18S,TCGCTGTAACA,2190,,,,,,2,HepatopancreasGut,,
SUH372,SD_Sum_17_WT_Gut_3,,,Venomic_2,18S,CTTGTAGGACC,173,,,,,,3,HepatopancreasGut,,
SUH374,SD_Sum_17_WT_Gut_5,,,Venomic_2,18S,CTCAGTATGCA,86,,,,,,5,HepatopancreasGut,,
SUH375,SD_Sum_17_WT_Radula_Sac_1,,,Venomic_2,18S,GGTTGCACAAT,56,,,,,,1,RadulaSac,RadulaSac,
SUH376,SD_Sum_17_WT_Radula_Sac_2,,,Venomic_2,18S,ATCGGCGTTAC,0,,,,,,2,RadulaSac,RadulaSac,
SUH377,SD_Sum_17_WT_Radula_Sac_3,,,Venomic_2,18S,CGATGTCGTCA,29,,,,,,3,RadulaSac,RadulaSac,
SUH378,SD_Sum_17_WT_Radula_Sac_4,,,Venomic_2,18S,CAGCTTACTAG,118,,,,,,4,RadulaSac,RadulaSac,
SUH379,SD_Sum_17_WT_Radula_Sac_5,,,Venomic_2,18S,CCAGATGATCG,2630,,,,,,5,RadulaSac,RadulaSac,
SUH380,SD_Sum_17_WT_Egg_1,,,Venomic_2,18S,ACTGTACGCGT,320243,Egg_Internal,,,,,,,,
SUH381,SD_Sum_17_WT_Egg_2,,,Venomic_2,18S,TCCTAGCAGTG,389632,Egg_Internal,,,,,,,,
SUH382,SD_Sum_17_WT_Egg_Laid_3,,,Venomic_2,18S,AGCGATGCCTT,64158,Egg_Laid,Egg_Laid,,,,,,,
SUH383,SD_Sum_17_WT_Egg_Laid_4,,,Venomic_2,18S,CATCATGAGGC,126661,Egg_Laid,Egg_Laid,,,,,,,
SUH384,SD_Sum_17_WT_Larva_1_6.9.17,,,Venomic_2,18S,GAAGTCTCGCA,213725,Larva,Larva,,,,,,,
SUH385,LA_Sum_17_WT_Egg_Laid_1_(San_Onfore_6.22.17),,,Venomic_2,18S,GCACGTTCTAA,10486,Egg_Laid,Egg_Laid,,LA,2017_Summer,,,,
SUH386,MB_Sum_17_WT_Egg_Laid_1,,,Venomic_2,18S,CAGTGATCCTA,93680,Egg_Laid,Egg_Laid,,MB,2017_Summer,,,,
SUH387,MB_Sum_17_WT_Egg_Laid_2,,,Venomic_2,18S,TAGAGCCGTTA,41728,Egg_Laid,Egg_Laid,,MB,2017_Summer,,,,
SUH388,MX_0.5_km_SU_16_Sediment_1,,,Venomic_2,18S,TACAGATGGCT,41757,Sediment,Sediment,,PN_Minor,2016_Summer,,,,
SUH389,MX_0.5_km_SU_16_Sediment_2,,,Venomic_2,18S,CACGTGACATG,42715,Sediment,Sediment,,PN_Minor,2016_Summer,,,,
SUH390,MX_0.5_km_SU_16_Sediment_3,,,Venomic_2,18S,TGCGCGAATAC,78325,Sediment,Sediment,,PN_Minor,2016_Summer,,,,
SUH391,High_venom_-_triplicate_(#10)_b,,,Venomic_2,18S,TCCACAGGAGT,3342,Control_Venom,Control_Venom,,,,,,,
SUH392,High_venom_-_triplicate_(#10)_c,,,Venomic_2,18S,ACATCTTGACG,2180,Control_Venom,Control_Venom,,,,,,,
SUH393,High_water_-_triplicate_(#98)_b,,,Venomic_2,18S,CGGACGTTCAT,142735.5,Control_Seawater1,Seawater,,SD,2017_Summer,,,,
SUH394,High_water_-_triplicate_(#98)_c,,,Venomic_2,18S,CTCTAAGCATG,180673,Control_Seawater1,Seawater,,SD,2017_Summer,,,,
SUH396,MX_0.5_km_WI_16_3_Gland_2,,,Venomic_2,16S_V4,TATCGCACTAG,7132,Venom,Venom,,PN_Minor,2016_Winter_Day3,,,,
SUH397,MX_0.5_km_WI_16_3_Gland_3,,,Venomic_2,16S_V4,CGATATCGATC,7,Venom,Venom,,PN_Minor,2016_Winter_Day3,,,,
SUH398,MX_0.5_km_WI_16_3_Gland_4,,,Venomic_2,16S_V4,CAGATGCGAGC,4,Venom,Venom,,PN_Minor,2016_Winter_Day3,,,,
SUH399,MX_0.5_km_WI_16_3_Gland_5,,,Venomic_2,16S_V4,GCTCTAGAGTA,1486.5,Venom,Venom,,PN_Minor,2016_Winter_Day3,,,,
SUH400,SD_Sum_17_WT_Water_1,,,Venomic_2,16S_V4,AGCGATGCTCA,94284,Control_Seawater1,Seawater,Seawater_WT,SD,2017_Summer,,Seawater_WT,Seawater_WT,Seawater_WT
SUH401,SD_Sum_17_WT_Water_2,,,Venomic_2,16S_V4,AGATCGCTGTG,78460,Seawater,Seawater,Seawater_WT,SD,2017_Summer,,Seawater_WT,Seawater_WT,Seawater_WT
SUH402,SD_Sum_17_WT_Water_3,,,Venomic_2,16S_V4,CGTAGATGTCG,0,Seawater,Seawater,Seawater_WT,SD,2017_Summer,,Seawater_WT,Seawater_WT,Seawater_WT
SUH403,SD_Sum_17_Sterile_Water_1,,,Venomic_2,16S_V4,GCTACTCTGAG,57329,Seawater,Seawater,,,,,,,Seawater_Sterile
SUH404,SD_Sum_17_Sterile_Water_2,,,Venomic_2,16S_V4,GCGATGTCATC,55559,Seawater,Seawater,,,,,,,Seawater_Sterile
SUH405,SD_Sum_17_150mg/L_TC_Water_2,,,Venomic_2,16S_V4,TCGCATCTGAC,87317,Seawater,Seawater,,,,,,,Seawater_Tetracycline
SUH406,SD_Sum_17_150mg/L_TC_Water_3,,,Venomic_2,16S_V4,AGCACGATCTA,62106,Seawater,Seawater,,,,,,,Seawater_Tetracycline
SUH407,SD_Sum_17_1_atm_Water_1,,,Venomic_2,16S_V4,CGACTAGCTCA,73963,Seawater,Seawater,,,,,,,15PSI_Seawater
SUH408,SD_Sum_17_1_atm_Water_2,,,Venomic_2,16S_V4,AGTCGCATCGT,38484,Seawater,Seawater,,,,,,,15PSI_Seawater
SUH409,SD_Sum_17_1_atm_Water_3,,,Venomic_2,16S_V4,CTACATGAGTG,5752,Seawater,Seawater,,,,,,,15PSI_Seawater
SUH410,SD_Sum_17_100_PSI_Water_1,,,Venomic_2,16S_V4,ACATGACATCG,57542,Seawater,Seawater,,,,,,,100PSI_Seawater
SUH411,SD_Sum_17_100_PSI_Water_2,,,Venomic_2,16S_V4,ACTGCGACGAG,276,Seawater,Seawater,,,,,,,100PSI_Seawater
SUH412,SD_Sum_17_100_PSI_Water_3,,,Venomic_2,16S_V4,TCATGCGCATC,4,Seawater,Seawater,,,,,,,100PSI_Seawater
SUH413,SD_Sum_17_300_PSI_Water_1,,,Venomic_2,16S_V4,TAGATCATGAC,70818,Seawater,Seawater,,,,,,,300PSI_Seawater
SUH414,SD_Sum_17_300_PSI_Water_2,,,Venomic_2,16S_V4,ACGATGTGCTA,23360,Seawater,Seawater,,,,,,,300PSI_Seawater
SUH415,SD_Sum_17_300_PSI_Water_3,,,Venomic_2,16S_V4,TAGTGCACTCA,77604,Seawater,Seawater,,,,,,,300PSI_Seawater
SUH416,SD_Sum_17_Prey__10min_Water_1,,,Venomic_2,16S_V4,GCTCATGTAGT,10026,Seawater,Seawater,,,,,,,Seawater_PreyExposure
SUH417,SD_Sum_17_Prey__10min_Water_2,,,Venomic_2,16S_V4,TAGCACGAGTG,4605,Seawater,Seawater,,,,,,,Seawater_PreyExposure
SUH418,SD_Sum_17_Prey__10min_Water_3,,,Venomic_2,16S_V4,AGTCTACTGCG,13652,Control_Seawater2,Control_Seawater2,,,,,,,Seawater_PreyExposure
SUH419,SD_Sum_17_Prey__10min_Water_3.2,,,Venomic_2,16S_V4,GTCTACACGAG,38131,Control_Seawater2,Control_Seawater2,,,,,,,Seawater_PreyExposure
SUH420,Monterey_SU_17_Water_1,,,Venomic_2,16S_V4,GACGACGCATC,17453,Seawater,Seawater,,MB,2017_Summer,,,,
SUH421,Monterey_SU_17_Water_2,,,Venomic_2,16S_V4,GTGCACGCGAC,44,Seawater,Seawater,,MB,2017_Summer,,,,
SUH422,Monterey_SU_17_Water_3,,,Venomic_2,16S_V4,GCTCACAGCTA,34807.5,Seawater,Seawater,,MB,2017_Summer,,,,
SUH423,MX_0.5_km_SU_17_Water_1,,,Venomic_2,16S_V4,GATATCGATCA,46925,Seawater,Seawater,,PN_Minor,2016_Summer,,,,
SUH424,MX_0.5_km_SU_17_Water_2,,,Venomic_2,16S_V4,CTGTCATGAGT,58229,Seawater,Seawater,,PN_Minor,2016_Summer,,,,
SUH425,MX_0.5_km_SU_17_Water_3,,,Venomic_2,16S_V4,AGCGATATCTG,96823,Seawater,Seawater,,PN_Minor,2016_Summer,,,,
SUH426,MX_0.5_km_SU_16_Water_1,,,Venomic_2,16S_V4,ACATATACGCG,32898,Seawater,Seawater,,PN_Minor,2016_Summer,,,,
SUH427,MX_0.5_km_SU_16_Water_2,,,Venomic_2,16S_V4,ACGACGTAGAG,47730,Seawater,Seawater,,PN_Minor,2016_Summer,,,,
SUH428,MX_0.5_km_SU_16_Water_3,,,Venomic_2,16S_V4,CAGTCTGATGC,64735.5,Seawater,Seawater,,PN_Minor,2016_Summer,,,,
SUH429,MX_0_km_SU_17_Water_1,,,Venomic_2,16S_V4,TGTGACGAGAC,451.5,Seawater,Seawater,,PN_Sheltered,2017_Summer,,,,
SUH430,MX_0_km_SU_17_Water_2,,,Venomic_2,16S_V4,TCGCGCTACTA,42887.5,Seawater,Seawater,,PN_Sheltered,2017_Summer,,,,
SUH431,MX_0_km_SU_17_Water_3,,,Venomic_2,16S_V4,TGACAGCTGCA,72226.5,Seawater,Seawater,,PN_Sheltered,2017_Summer,,,,
SUH432,MX_1.5_km_SU_17_Water_1,,,Venomic_2,16S_V4,ATCATGTCAGT,62791.5,Seawater,Seawater,,PN_Major,2017_Summer,,,,
SUH433,MX_1.5_km_SU_17_Water_2,,,Venomic_2,16S_V4,GACTAGTGCTG,108130.5,Seawater,Seawater,,PN_Major,2017_Summer,,,,
SUH434,MX_1.5_km_SU_17_Water_3,,,Venomic_2,16S_V4,GATATGACGCG,92709.5,Seawater,Seawater,,PN_Major,2017_Summer,,,,
SUH435,MX_0.5_km_WI_16_1_Water_1,,,Venomic_2,16S_V4,CGAGACTAGAG,63457.5,Seawater,Seawater,,PN_Minor,2016_Winter_Day1,,,,
SUH436,MX_0.5_km_WI_16_1_Water_2,,,Venomic_2,16S_V4,TCTAGCGATGC,89126.5,Seawater,Seawater,,PN_Minor,2016_Winter_Day1,,,,
SUH437,MX_0.5_km_WI_16_1_Water_3,,,Venomic_2,16S_V4,ATCAGTGTCAC,80189.5,Seawater,Seawater,,PN_Minor,2016_Winter_Day1,,,,
SUH438,MX_0.5_km_WI_16_2_Water_1,,,Venomic_2,16S_V4,ACGTCGACTGA,35601.5,Seawater,Seawater,,PN_Minor,2016_Winter_Day2,,,,
SUH439,MX_0.5_km_WI_16_2_Water_2,,,Venomic_2,16S_V4,ACGTGTGAGCA,72252.5,Seawater,Seawater,,PN_Minor,2016_Winter_Day2,,,,
SUH440,MX_0.5_km_WI_16_2_Water_3,,,Venomic_2,16S_V4,ATCTCAGCAGT,71896.5,Seawater,Seawater,,PN_Minor,2016_Winter_Day2,,,,
SUH441,MX_0.5_km_WI_16_3_Water_1,,,Venomic_2,16S_V4,TGACACTGCTG,83892.5,Seawater,Seawater,,PN_Minor,2016_Winter_Day3,,,,
SUH442,MX_0.5_km_WI_16_3_Water_2,,,Venomic_2,16S_V4,CTAGCTCAGCG,103975.5,Seawater,Seawater,,PN_Minor,2016_Winter_Day3,,,,
SUH443,MX_0.5_km_WI_16_3_Water_3,,,Venomic_2,16S_V4,GCATATCAGAG,84826.5,Seawater,Seawater,,PN_Minor,2016_Winter_Day3,,,,
SUH444,Baja_6-20-17_CRS_1,,,Venomic_2,16S_V4,ACTCGTCATGC,66390,Seawater,,,,,,,,
SUH445,Baja_6-20-17_CRS_2,,,Venomic_2,16S_V4,GATGCAGTCAC,28213,Seawater,,,,,,,,
SUH446,Baja_6-20-17_CRS_3,,,Venomic_2,16S_V4,GTCGCTCATGA,23744,Seawater,,,,,,,,
SUH447,Baja_6-20-17_LYR_1,,,Venomic_2,16S_V4,GATACGCTACA,48258,Seawater,,,,,,,,
SUH448,Baja_6-20-17_LYR_2,,,Venomic_2,16S_V4,GATGACACAGT,0,Seawater,,,,,,,,
SUH449,Baja_6-20-17_LYR_3,,,Venomic_2,16S_V4,ACGTGATGCTG,25619.5,Seawater,,,,,,,,
SUH450,Baja_6-20-17_LH1,,,Venomic_2,16S_V4,TATACGCAGCG,31993,Seawater,,,,,,,,
SUH451,Baja_6-20-17_LH2,,,Venomic_2,16S_V4,ATAGAGCTCAG,60319.5,Seawater,,,,,,,,
SUH452,Baja_6-20-17_LH3,,,Venomic_2,16S_V4,ACATGTGTCGC,62976.5,Seawater,,,,,,,,
SUH453,SD_Sum_17_WT_Shell_1,,,Venomic_2,16S_V4,GAGTAGATCAC,21,,,,,,1,Shell,,
SUH454,SD_Sum_17_WT_Shell_2,,,Venomic_2,16S_V4,ACTCTATGCGA,8375,,,,,,2,Shell,,
SUH455,SD_Sum_17_WT_Shell_3,,,Venomic_2,16S_V4,GCTGATATACA,24649,,,,,,3,Shell,,
SUH456,SD_Sum_17_WT_Shell_4,,,Venomic_2,16S_V4,TAGCGTACTCT,15097,,,,,,4,Shell,,
SUH459,SD_Sum_17_WT_Gut_2,,,Venomic_2,16S_V4,CGCATGATCAG,8181,,,,,,2,HepatopancreasGut,,
SUH460,SD_Sum_17_WT_Gut_3,,,Venomic_2,16S_V4,TACATAGTCGC,6936,,,,,,3,HepatopancreasGut,,
SUH462,SD_Sum_17_WT_Gut_5,,,Venomic_2,16S_V4,CTAGTCGACGA,7035,,,,,,5,HepatopancreasGut,,
SUH463,SD_Sum_17_WT_Radula_Sac_1,,,Venomic_2,16S_V4,CAGATCTGACA,7882,,,,,,1,RadulaSac,RadulaSac,
SUH464,SD_Sum_17_WT_Radula_Sac_2,,,Venomic_2,16S_V4,CTGACTACTCT,10,,,,,,2,RadulaSac,RadulaSac,
SUH465,SD_Sum_17_WT_Radula_Sac_3,,,Venomic_2,16S_V4,CTAGACTGATG,4936.5,,,,,,3,RadulaSac,RadulaSac,
SUH466,SD_Sum_17_WT_Radula_Sac_4,,,Venomic_2,16S_V4,CATGAGAGACG,4,,,,,,4,RadulaSac,RadulaSac,
SUH467,SD_Sum_17_WT_Radula_Sac_5,,,Venomic_2,16S_V4,GATCAGTACAG,3978.5,,,,,,5,RadulaSac,RadulaSac,
SUH468,SD_Sum_17_WT_Egg_1,,,Venomic_2,16S_V4,ATGTAGTGCGC,4,Egg_Internal,,,,,,,,
SUH469,SD_Sum_17_WT_Egg_2,,,Venomic_2,16S_V4,GACGATGACAC,1397,Egg_Internal,,,,,,,,
SUH470,SD_Sum_17_WT_Egg_Laid_3,,,Venomic_2,16S_V4,CACTGTATAGA,23981,Egg_Laid,Egg_Laid,,,,,,,
SUH471,SD_Sum_17_WT_Egg_Laid_4,,,Venomic_2,16S_V4,TGTAGCTGACA,43927,Egg_Laid,Egg_Laid,,,,,,,
SUH472,SD_Sum_17_WT_Larva_1_6.9.17,,,Venomic_2,16S_V4,ACGTAGTATCT,4336.5,Larva,Larva,,,,,,,
SUH473,LA_Sum_17_WT_Egg_Laid_1_(San_Onfore_6.22.17),,,Venomic_2,16S_V4,TCTACGAGATG,33383.5,Egg_Laid,Egg_Laid,,LA,2017_Summer,,,,
SUH474,MB_Sum_17_WT_Egg_Laid_1,,,Venomic_2,16S_V4,CATCACTGTAG,33289.5,Egg_Laid,Egg_Laid,,MB,2017_Summer,,,,
SUH475,MB_Sum_17_WT_Egg_Laid_2,,,Venomic_2,16S_V4,CGATGAGCGTC,11614,Egg_Laid,Egg_Laid,,MB,2017_Summer,,,,
SUH476,MX_0.5_km_SU_16_Sediment_1,,,Venomic_2,16S_V4,GCACGTATAGC,50554,Sediment,Sediment,,PN_Minor,2016_Summer,,,,
SUH477,MX_0.5_km_SU_16_Sediment_2,,,Venomic_2,16S_V4,CGCGCAGTGTA,43780,Sediment,Sediment,,PN_Minor,2016_Summer,,,,
SUH478,MX_0.5_km_SU_16_Sediment_3,,,Venomic_2,16S_V4,CGCACATCAGA,43274,Sediment,Sediment,,PN_Minor,2016_Summer,,,,
SUH479,High_venom_-_triplicate_(#10)_b,,,Venomic_2,16S_V4,GTCACGACACA,3551.5,Control_Venom,Control_Venom,,,,,,,
SUH480,High_venom_-_triplicate_(#10)_c,,,Venomic_2,16S_V4,AGAGCATATCT,0,Control_Venom,Control_Venom,,,,,,,
SUH481,High_water_-_triplicate_(#98)_b,,,Venomic_2,16S_V4,ACGATCGCTAG,27730,Control_Seawater1,Seawater,,SD,2017_Summer,,,,
SUH482,High_water_-_triplicate_(#98)_c,,,Venomic_2,16S_V4,AGATGTAGCTC,75761,Control_Seawater1,Seawater,,SD,2017_Summer,,,,